{
  "analysis_date": "2026-01-04T23:54:17.370565",
  "companies_analyzed": 3,
  "data_sources": [
    "SEC EDGAR",
    "ProPublica Nonprofit Explorer"
  ],
  "results": [
    {
      "ticker": "TGT",
      "config": {
        "ticker": "TGT",
        "name": "Target Corporation",
        "city": "Minneapolis"
      },
      "company": {
        "cik": "0000027419",
        "name": "TARGET CORP",
        "ticker": "TGT",
        "sic": "5331",
        "sic_description": "Retail-Variety Stores",
        "state": "MN",
        "fiscal_year_end": "0201",
        "phone": "6123046073",
        "business_address": {
          "street1": "1000 NICOLLET MALL",
          "street2": null,
          "city": "MINNEAPOLIS",
          "stateOrCountry": "MN",
          "zipCode": "55403",
          "stateOrCountryDescription": "MN",
          "isForeignLocation": null,
          "foreignStateTerritory": null,
          "country": null,
          "countryCode": null
        }
      },
      "financials": {
        "revenue": {
          "value": 72618000000,
          "period_end": "2015-01-31"
        },
        "net_income": {
          "value": 4091000000,
          "period_end": "2025-02-01"
        },
        "total_assets": {
          "value": 57769000000,
          "period_end": "2025-02-01"
        },
        "cash_and_equivalents": null,
        "stockholders_equity": {
          "value": 14666000000,
          "period_end": "2025-02-01"
        }
      },
      "foundation": {
        "search": {
          "name": "Target Foundation",
          "ein": 416017088,
          "city": "Minneapolis",
          "state": "MN"
        },
        "details": {
          "name": "Target Foundation",
          "ein": "416017088",
          "total_assets": 92692164,
          "total_revenue": 57393098,
          "ruling_date": "1928-12-01",
          "recent_filings": [
            {
              "year": 2024,
              "revenue": 57393098,
              "expenses": 26443749,
              "assets": 92692164,
              "grants_paid": 26355000
            },
            {
              "year": 2023,
              "revenue": 933259,
              "expenses": 25974314,
              "assets": 61121764,
              "grants_paid": 25970608
            },
            {
              "year": 2022,
              "revenue": 55020175,
              "expenses": 22595900,
              "assets": 85335634,
              "grants_paid": 22592025
            }
          ]
        }
      },
      "capacity": {
        "score": 4.091,
        "rating": "STANDARD ($10K-$50K)",
        "color": "#95a5a6",
        "rationale": [
          "Cash data unavailable",
          "Net income: $4.1B",
          "Total assets: $57.8B"
        ]
      },
      "alignment": {
        "level": "HIGH",
        "score": 4,
        "factors": [
          "Retail sector - Strong community presence, cause marketing potential",
          "Minnesota headquarters - Local community connection to CCRF"
        ]
      },
      "researched_at": "2026-01-04T23:54:13.163718"
    },
    {
      "ticker": "MMM",
      "config": {
        "ticker": "MMM",
        "name": "3M Company",
        "city": "St. Paul"
      },
      "company": {
        "cik": "0000066740",
        "name": "3M CO",
        "ticker": "MMM",
        "sic": "3841",
        "sic_description": "Surgical & Medical Instruments & Apparatus",
        "state": "DE",
        "fiscal_year_end": "1231",
        "phone": "6517331110",
        "business_address": {
          "street1": "3M CENTER",
          "street2": "BLDG. 220-9E-02",
          "city": "ST PAUL",
          "stateOrCountry": "MN",
          "zipCode": "55144-1000",
          "stateOrCountryDescription": "MN",
          "isForeignLocation": null,
          "foreignStateTerritory": null,
          "country": null,
          "countryCode": null
        }
      },
      "financials": {
        "revenue": {
          "value": 24575000000,
          "period_end": "2024-12-31"
        },
        "net_income": {
          "value": 4173000000,
          "period_end": "2024-12-31"
        },
        "total_assets": {
          "value": 39868000000,
          "period_end": "2024-12-31"
        },
        "cash_and_equivalents": {
          "value": 2398000000,
          "period_end": "2016-12-31"
        },
        "stockholders_equity": {
          "value": 3842000000,
          "period_end": "2024-12-31"
        }
      },
      "foundation": {
        "search": null,
        "details": null
      },
      "capacity": {
        "score": 6.571,
        "rating": "PRINCIPAL ($50K-$250K)",
        "color": "#3498db",
        "rationale": [
          "Cash position: $2.4B",
          "Net income: $4.2B",
          "Total assets: $39.9B"
        ]
      },
      "alignment": {
        "level": "HIGH",
        "score": 5,
        "factors": [
          "Healthcare sector - STRONG alignment with pediatric health mission",
          "Minnesota headquarters - Local community connection to CCRF"
        ]
      },
      "researched_at": "2026-01-04T23:54:15.208445"
    },
    {
      "ticker": "UNH",
      "config": {
        "ticker": "UNH",
        "name": "UnitedHealth Group",
        "city": "Minnetonka"
      },
      "company": {
        "cik": "0000731766",
        "name": "UNITEDHEALTH GROUP INC",
        "ticker": "UNH",
        "sic": "6324",
        "sic_description": "Hospital & Medical Service Plans",
        "state": "DE",
        "fiscal_year_end": "1231",
        "phone": "1-800-328-5979",
        "business_address": {
          "street1": "1 HEALTH DRIVE",
          "street2": null,
          "city": "EDEN PRAIRIE",
          "stateOrCountry": "MN",
          "zipCode": "55344",
          "stateOrCountryDescription": "MN",
          "isForeignLocation": null,
          "foreignStateTerritory": null,
          "country": null,
          "countryCode": null
        }
      },
      "financials": {
        "revenue": {
          "value": 400278000000,
          "period_end": "2024-12-31"
        },
        "net_income": {
          "value": 14405000000,
          "period_end": "2024-12-31"
        },
        "total_assets": {
          "value": 298278000000,
          "period_end": "2024-12-31"
        },
        "cash_and_equivalents": {
          "value": 25312000000,
          "period_end": "2024-12-31"
        },
        "stockholders_equity": {
          "value": 32454000000,
          "period_end": "2014-12-31"
        }
      },
      "foundation": {
        "search": null,
        "details": null
      },
      "capacity": {
        "score": 39.717,
        "rating": "MAJOR ($1M+)",
        "color": "#27ae60",
        "rationale": [
          "Cash position: $25.3B",
          "Net income: $14.4B",
          "Total assets: $298.3B"
        ]
      },
      "alignment": {
        "level": "HIGH",
        "score": 5,
        "factors": [
          "Healthcare sector - STRONG alignment with pediatric health mission",
          "Minnesota headquarters - Local community connection to CCRF"
        ]
      },
      "researched_at": "2026-01-04T23:54:17.367550"
    }
  ]
}