{
  "ticker": "MMM",
  "config": {
    "ticker": "MMM",
    "name": "3M Company",
    "city": "St. Paul"
  },
  "company": {
    "cik": "0000066740",
    "name": "3M CO",
    "ticker": "MMM",
    "sic": "3841",
    "sic_description": "Surgical & Medical Instruments & Apparatus",
    "state": "DE",
    "fiscal_year_end": "1231",
    "phone": "6517331110",
    "business_address": {
      "street1": "3M CENTER",
      "street2": "BLDG. 220-9E-02",
      "city": "ST PAUL",
      "stateOrCountry": "MN",
      "zipCode": "55144-1000",
      "stateOrCountryDescription": "MN",
      "isForeignLocation": null,
      "foreignStateTerritory": null,
      "country": null,
      "countryCode": null
    }
  },
  "financials": {
    "revenue": {
      "value": 24575000000,
      "period_end": "2024-12-31"
    },
    "net_income": {
      "value": 4173000000,
      "period_end": "2024-12-31"
    },
    "total_assets": {
      "value": 39868000000,
      "period_end": "2024-12-31"
    },
    "cash_and_equivalents": {
      "value": 2398000000,
      "period_end": "2016-12-31"
    },
    "stockholders_equity": {
      "value": 3842000000,
      "period_end": "2024-12-31"
    }
  },
  "foundation": {
    "search": null,
    "details": null
  },
  "capacity": {
    "score": 6.571,
    "rating": "PRINCIPAL ($50K-$250K)",
    "color": "#3498db",
    "rationale": [
      "Cash position: $2.4B",
      "Net income: $4.2B",
      "Total assets: $39.9B"
    ]
  },
  "alignment": {
    "level": "HIGH",
    "score": 5,
    "factors": [
      "Healthcare sector - STRONG alignment with pediatric health mission",
      "Minnesota headquarters - Local community connection to CCRF"
    ]
  },
  "researched_at": "2026-01-04T23:54:15.208445"
}