{
  "ticker": "TGT",
  "config": {
    "ticker": "TGT",
    "name": "Target Corporation",
    "city": "Minneapolis"
  },
  "company": {
    "cik": "0000027419",
    "name": "TARGET CORP",
    "ticker": "TGT",
    "sic": "5331",
    "sic_description": "Retail-Variety Stores",
    "state": "MN",
    "fiscal_year_end": "0201",
    "phone": "6123046073",
    "business_address": {
      "street1": "1000 NICOLLET MALL",
      "street2": null,
      "city": "MINNEAPOLIS",
      "stateOrCountry": "MN",
      "zipCode": "55403",
      "stateOrCountryDescription": "MN",
      "isForeignLocation": null,
      "foreignStateTerritory": null,
      "country": null,
      "countryCode": null
    }
  },
  "financials": {
    "revenue": {
      "value": 72618000000,
      "period_end": "2015-01-31"
    },
    "net_income": {
      "value": 4091000000,
      "period_end": "2025-02-01"
    },
    "total_assets": {
      "value": 57769000000,
      "period_end": "2025-02-01"
    },
    "cash_and_equivalents": null,
    "stockholders_equity": {
      "value": 14666000000,
      "period_end": "2025-02-01"
    }
  },
  "foundation": {
    "search": {
      "name": "Target Foundation",
      "ein": 416017088,
      "city": "Minneapolis",
      "state": "MN"
    },
    "details": {
      "name": "Target Foundation",
      "ein": "416017088",
      "total_assets": 92692164,
      "total_revenue": 57393098,
      "ruling_date": "1928-12-01",
      "recent_filings": [
        {
          "year": 2024,
          "revenue": 57393098,
          "expenses": 26443749,
          "assets": 92692164,
          "grants_paid": 26355000
        },
        {
          "year": 2023,
          "revenue": 933259,
          "expenses": 25974314,
          "assets": 61121764,
          "grants_paid": 25970608
        },
        {
          "year": 2022,
          "revenue": 55020175,
          "expenses": 22595900,
          "assets": 85335634,
          "grants_paid": 22592025
        }
      ]
    }
  },
  "capacity": {
    "score": 4.091,
    "rating": "STANDARD ($10K-$50K)",
    "color": "#95a5a6",
    "rationale": [
      "Cash data unavailable",
      "Net income: $4.1B",
      "Total assets: $57.8B"
    ]
  },
  "alignment": {
    "level": "HIGH",
    "score": 4,
    "factors": [
      "Retail sector - Strong community presence, cause marketing potential",
      "Minnesota headquarters - Local community connection to CCRF"
    ]
  },
  "researched_at": "2026-01-04T23:54:13.163718"
}