{
  "ticker": "UNH",
  "config": {
    "ticker": "UNH",
    "name": "UnitedHealth Group",
    "city": "Minnetonka"
  },
  "company": {
    "cik": "0000731766",
    "name": "UNITEDHEALTH GROUP INC",
    "ticker": "UNH",
    "sic": "6324",
    "sic_description": "Hospital & Medical Service Plans",
    "state": "DE",
    "fiscal_year_end": "1231",
    "phone": "1-800-328-5979",
    "business_address": {
      "street1": "1 HEALTH DRIVE",
      "street2": null,
      "city": "EDEN PRAIRIE",
      "stateOrCountry": "MN",
      "zipCode": "55344",
      "stateOrCountryDescription": "MN",
      "isForeignLocation": null,
      "foreignStateTerritory": null,
      "country": null,
      "countryCode": null
    }
  },
  "financials": {
    "revenue": {
      "value": 400278000000,
      "period_end": "2024-12-31"
    },
    "net_income": {
      "value": 14405000000,
      "period_end": "2024-12-31"
    },
    "total_assets": {
      "value": 298278000000,
      "period_end": "2024-12-31"
    },
    "cash_and_equivalents": {
      "value": 25312000000,
      "period_end": "2024-12-31"
    },
    "stockholders_equity": {
      "value": 32454000000,
      "period_end": "2014-12-31"
    }
  },
  "foundation": {
    "search": null,
    "details": null
  },
  "capacity": {
    "score": 39.717,
    "rating": "MAJOR ($1M+)",
    "color": "#27ae60",
    "rationale": [
      "Cash position: $25.3B",
      "Net income: $14.4B",
      "Total assets: $298.3B"
    ]
  },
  "alignment": {
    "level": "HIGH",
    "score": 5,
    "factors": [
      "Healthcare sector - STRONG alignment with pediatric health mission",
      "Minnesota headquarters - Local community connection to CCRF"
    ]
  },
  "researched_at": "2026-01-04T23:54:17.367550"
}